{
    "0": [
        0.0,
        0.0,
        0.0,
        0.8,
        0,
        1.6000000000000003,
        0.8,
        -4.0,
        0.0,
        2.4000000000000004,
        0,
        0.0,
        0.8,
        0.8,
        0.0
    ],
    "1": [
        -0.8,
        -0.8,
        1.6,
        -0.8,
        0,
        1.6,
        -0.8,
        -0.8,
        1.6,
        -0.8,
        0,
        1.6,
        -0.8,
        -0.8,
        1.6
    ],
    "2": [
        0.8,
        0.8,
        0.8,
        -2.4000000000000004,
        0,
        1.6,
        0.8,
        0.8,
        0.8,
        1.6,
        0,
        -2.4000000000000004,
        0.8,
        0.8,
        0.8
    ],
    "3": [
        0.0,
        0.8,
        0.0,
        -2.4000000000000004,
        0,
        0.8,
        0.8,
        1.6,
        0.0,
        -2.4000000000000004,
        0,
        0.8,
        1.6,
        1.6,
        0.0
    ],
    "4": [
        0.8,
        -0.8,
        0.8,
        0.8,
        0,
        0.8,
        0.8,
        0.8,
        0.8,
        -0.8,
        0,
        0.8,
        -0.8,
        -0.8,
        0.8
    ],
    "5": [
        0.8,
        0.8,
        0.8,
        1.6,
        0,
        -4.0,
        0.8,
        1.6,
        0.8,
        -4.0,
        0,
        0.8,
        0.8,
        0.8,
        0.8
    ],
    "6": [
        0.0,
        0.0,
        0.0,
        0.0,
        0,
        -7.999999999999999,
        0.0,
        0.8,
        0.0,
        6.3999999999999995,
        0,
        0.0,
        0.0,
        0.0,
        0.0
    ],
    "7": [
        1.6,
        1.6,
        0.8,
        -0.8,
        0,
        1.6000000000000003,
        -0.8,
        -0.8,
        0.8,
        -0.8,
        0,
        0.8,
        -0.8,
        -0.8,
        0.8
    ],
    "8": [
        -0.8,
        0.8,
        -0.8,
        0.8,
        0,
        0.8,
        -0.8,
        1.6000000000000003,
        -0.8,
        5.6,
        0,
        0.0,
        0.8,
        0.8,
        -0.8
    ],
    "9": [
        0.0,
        0.8,
        0.0,
        0.8,
        0,
        0.8,
        0.8,
        0.8,
        0.0,
        -0.8,
        0,
        0.0,
        1.6,
        1.6,
        0.0
    ]
}